"Britteny","","Auburn","BAuburn","BAuburn@addc2.local","123 Fake St","Seattle","98101","WA","United States","","C137","Research","Ch@ng3Me!","206-876-5309","","","CN=Users,DC=addc2,DC=local"
"Hermia","","Vaenfila","HVaenfila","HVaenfila@addc2.local","123 Fake St","Seattle","98101","WA","United States","","C137","Research","Ch@ng3Me!","206-876-5309","","","CN=Users,DC=addc2,DC=local"
"Rasia","","Hadsall","RHadsall","RHadsall@addc2.local","123 Fake St","Seattle","98101","WA","United States","","C137","Research","Ch@ng3Me!","206-876-5309","","","CN=Users,DC=addc2,DC=local"
"Sonya","","Thomasa","SThomasa","SThomasa@addc2.local","123 Fake St","Seattle","98101","WA","United States","","C137","Research","Ch@ng3Me!","206-876-5309","","","CN=Users,DC=addc2,DC=local"
"Mame","","Sallyann","MSallyann","MSallyann@addc2.local","123 Fake St","Seattle","98101","WA","United States","","C137","Research","Ch@ng3Me!","206-876-5309","","","CN=Users,DC=addc2,DC=local"
"Sibylla","","Denney","SDenney","SDenney@addc2.local","123 Fake St","Seattle","98101","WA","United States","","C137","Research","Ch@ng3Me!","206-876-5309","","","CN=Users,DC=addc2,DC=local"
"Kass","","Caleb","KCaleb","KCaleb@addc2.local","123 Fake St","Seattle","98101","WA","United States","","C137","Research","Ch@ng3Me!","206-876-5309","","","CN=Users,DC=addc2,DC=local"
"Tish","","Watanabe","TWatanabe","TWatanabe@addc2.local","123 Fake St","Seattle","98101","WA","United States","","C137","Research","Ch@ng3Me!","206-876-5309","","","CN=Users,DC=addc2,DC=local"
"Bernelle","","Helgeson","BHelgeson","BHelgeson@addc2.local","123 Fake St","Seattle","98101","WA","United States","","C137","Research","Ch@ng3Me!","206-876-5309","","","CN=Users,DC=addc2,DC=local"
"Cami","","Umberto","CUmberto","CUmberto@addc2.local","123 Fake St","Seattle","98101","WA","United States","","C137","Research","Ch@ng3Me!","206-876-5309","","","CN=Users,DC=addc2,DC=local"
"Morgen","","Reiter","MReiter","MReiter@addc2.local","123 Fake St","Seattle","98101","WA","United States","","C137","Research","Ch@ng3Me!","206-876-5309","","","CN=Users,DC=addc2,DC=local"
"Shalne","","Lucier","SLucier","SLucier@addc2.local","123 Fake St","Seattle","98101","WA","United States","","C137","Research","Ch@ng3Me!","206-876-5309","","","CN=Users,DC=addc2,DC=local"
"Jacquelyn","","Aridatha","JAridatha","JAridatha@addc2.local","123 Fake St","Seattle","98101","WA","United States","","C137","Research","Ch@ng3Me!","206-876-5309","","","CN=Users,DC=addc2,DC=local"
"Antonia","","Jablon","AJablon","AJablon@addc2.local","123 Fake St","Seattle","98101","WA","United States","","C137","Research","Ch@ng3Me!","206-876-5309","","","CN=Users,DC=addc2,DC=local"
"Ree","","Chimene","RChimene","RChimene@addc2.local","123 Fake St","Seattle","98101","WA","United States","","C137","Research","Ch@ng3Me!","206-876-5309","","","CN=Users,DC=addc2,DC=local"
"Glory","","Jerald","GJerald","GJerald@addc2.local","123 Fake St","Seattle","98101","WA","United States","","C137","Research","Ch@ng3Me!","206-876-5309","","","CN=Users,DC=addc2,DC=local"
"Constancia","","Ploss","CPloss","CPloss@addc2.local","123 Fake St","Seattle","98101","WA","United States","","C137","Research","Ch@ng3Me!","206-876-5309","","","CN=Users,DC=addc2,DC=local"
"Ilsa","","Friedly","IFriedly","IFriedly@addc2.local","123 Fake St","Seattle","98101","WA","United States","","C137","Research","Ch@ng3Me!","206-876-5309","","","CN=Users,DC=addc2,DC=local"
"Lenore","","Wernick","LWernick","LWernick@addc2.local","123 Fake St","Seattle","98101","WA","United States","","C137","Research","Ch@ng3Me!","206-876-5309","","","CN=Users,DC=addc2,DC=local"
"Filide","","Mauceri","FMauceri","FMauceri@addc2.local","123 Fake St","Seattle","98101","WA","United States","","C137","Research","Ch@ng3Me!","206-876-5309","","","CN=Users,DC=addc2,DC=local"
"Charlean","","Brice","CBrice","CBrice@addc2.local","123 Fake St","Seattle","98101","WA","United States","","C137","Research","Ch@ng3Me!","206-876-5309","","","CN=Users,DC=addc2,DC=local"
"Cristi","","Marina","CMarina","CMarina@addc2.local","123 Fake St","Seattle","98101","WA","United States","","C137","Research","Ch@ng3Me!","206-876-5309","","","CN=Users,DC=addc2,DC=local"
"Katheryn","","Kudva","KKudva","KKudva@addc2.local","123 Fake St","Seattle","98101","WA","United States","","C137","Research","Ch@ng3Me!","206-876-5309","","","CN=Users,DC=addc2,DC=local"
"Manda","","Lachman","MLachman","MLachman@addc2.local","123 Fake St","Seattle","98101","WA","United States","","C137","Research","Ch@ng3Me!","206-876-5309","","","CN=Users,DC=addc2,DC=local"
"Bambie","","Seidler","BSeidler","BSeidler@addc2.local","123 Fake St","Seattle","98101","WA","United States","","C137","Research","Ch@ng3Me!","206-876-5309","","","CN=Users,DC=addc2,DC=local"
"Missie","","Bensen","MBensen","MBensen@addc2.local","123 Fake St","Seattle","98101","WA","United States","","C137","Research","Ch@ng3Me!","206-876-5309","","","CN=Users,DC=addc2,DC=local"
"Shoshanna","","Bradford","SBradford","SBradford@addc2.local","123 Fake St","Seattle","98101","WA","United States","","C137","Research","Ch@ng3Me!","206-876-5309","","","CN=Users,DC=addc2,DC=local"
"Nike","","Highams","NHighams","NHighams@addc2.local","123 Fake St","Seattle","98101","WA","United States","","C137","Research","Ch@ng3Me!","206-876-5309","","","CN=Users,DC=addc2,DC=local"
"Alisha","","Kerk","AKerk","AKerk@addc2.local","123 Fake St","Seattle","98101","WA","United States","","C137","Research","Ch@ng3Me!","206-876-5309","","","CN=Users,DC=addc2,DC=local"
"Martynne","","Shelbi","MShelbi","MShelbi@addc2.local","123 Fake St","Seattle","98101","WA","United States","","C137","Research","Ch@ng3Me!","206-876-5309","","","CN=Users,DC=addc2,DC=local"
"Nona","","Danelle","NDanelle","NDanelle@addc2.local","123 Fake St","Seattle","98101","WA","United States","","C137","Research","Ch@ng3Me!","206-876-5309","","","CN=Users,DC=addc2,DC=local"
"Callida","","Morette","CMorette","CMorette@addc2.local","123 Fake St","Seattle","98101","WA","United States","","C137","Research","Ch@ng3Me!","206-876-5309","","","CN=Users,DC=addc2,DC=local"
"Loella","","Stratton","LStratton","LStratton@addc2.local","123 Fake St","Seattle","98101","WA","United States","","C137","Research","Ch@ng3Me!","206-876-5309","","","CN=Users,DC=addc2,DC=local"
"Daile","","Vincelette","DVincelette","DVincelette@addc2.local","123 Fake St","Seattle","98101","WA","United States","","C137","Research","Ch@ng3Me!","206-876-5309","","","CN=Users,DC=addc2,DC=local"
"Pooh","","Crandell","PCrandell","PCrandell@addc2.local","123 Fake St","Seattle","98101","WA","United States","","C137","Research","Ch@ng3Me!","206-876-5309","","","CN=Users,DC=addc2,DC=local"
"Glynis","","Soane","GSoane","GSoane@addc2.local","123 Fake St","Seattle","98101","WA","United States","","C137","Research","Ch@ng3Me!","206-876-5309","","","CN=Users,DC=addc2,DC=local"
"Suki","","Yurt","SYurt","SYurt@addc2.local","123 Fake St","Seattle","98101","WA","United States","","C137","Research","Ch@ng3Me!","206-876-5309","","","CN=Users,DC=addc2,DC=local"
"Brandise","","Senn","BSenn","BSenn@addc2.local","123 Fake St","Seattle","98101","WA","United States","","C137","Research","Ch@ng3Me!","206-876-5309","","","CN=Users,DC=addc2,DC=local"
"Amity","","Budworth","ABudworth","ABudworth@addc2.local","123 Fake St","Seattle","98101","WA","United States","","C137","Research","Ch@ng3Me!","206-876-5309","","","CN=Users,DC=addc2,DC=local"
"Melli","","Hoag","MHoag","MHoag@addc2.local","123 Fake St","Seattle","98101","WA","United States","","C137","Research","Ch@ng3Me!","206-876-5309","","","CN=Users,DC=addc2,DC=local"
"Bobbee","","Felicdad","BFelicdad","BFelicdad@addc2.local","123 Fake St","Seattle","98101","WA","United States","","C137","Research","Ch@ng3Me!","206-876-5309","","","CN=Users,DC=addc2,DC=local"
"Catharina","","Harry","CHarry","CHarry@addc2.local","123 Fake St","Seattle","98101","WA","United States","","C137","Research","Ch@ng3Me!","206-876-5309","","","CN=Users,DC=addc2,DC=local"
"Devondra","","Doretta","DDoretta","DDoretta@addc2.local","123 Fake St","Seattle","98101","WA","United States","","C137","Research","Ch@ng3Me!","206-876-5309","","","CN=Users,DC=addc2,DC=local"
"Dalenna","","Arvind","DArvind","DArvind@addc2.local","123 Fake St","Seattle","98101","WA","United States","","C137","Research","Ch@ng3Me!","206-876-5309","","","CN=Users,DC=addc2,DC=local"
"Rakel","","Rockel","RRockel","RRockel@addc2.local","123 Fake St","Seattle","98101","WA","United States","","C137","Research","Ch@ng3Me!","206-876-5309","","","CN=Users,DC=addc2,DC=local"
"Sayre","","Forsta","SForsta","SForsta@addc2.local","123 Fake St","Seattle","98101","WA","United States","","C137","Research","Ch@ng3Me!","206-876-5309","","","CN=Users,DC=addc2,DC=local"
"Janice","","Rothschild","JRothschild","JRothschild@addc2.local","123 Fake St","Seattle","98101","WA","United States","","C137","Research","Ch@ng3Me!","206-876-5309","","","CN=Users,DC=addc2,DC=local"
"Cassaundra","","Noella","CNoella","CNoella@addc2.local","123 Fake St","Seattle","98101","WA","United States","","C137","Research","Ch@ng3Me!","206-876-5309","","","CN=Users,DC=addc2,DC=local"
"Grata","","Lucille","GLucille","GLucille@addc2.local","123 Fake St","Seattle","98101","WA","United States","","C137","Research","Ch@ng3Me!","206-876-5309","","","CN=Users,DC=addc2,DC=local"
"Alidia","","Dempstor","ADempstor","ADempstor@addc2.local","123 Fake St","Seattle","98101","WA","United States","","C137","Research","Ch@ng3Me!","206-876-5309","","","CN=Users,DC=addc2,DC=local"
"Eleonora","","Jaclin","EJaclin","EJaclin@addc2.local","123 Fake St","Seattle","98101","WA","United States","","C137","Research","Ch@ng3Me!","206-876-5309","","","CN=Users,DC=addc2,DC=local"
"Lezlie","","Rambort","LRambort","LRambort@addc2.local","123 Fake St","Seattle","98101","WA","United States","","C137","Research","Ch@ng3Me!","206-876-5309","","","CN=Users,DC=addc2,DC=local"
"Melany","","Waldemar","MWaldemar","MWaldemar@addc2.local","123 Fake St","Seattle","98101","WA","United States","","C137","Research","Ch@ng3Me!","206-876-5309","","","CN=Users,DC=addc2,DC=local"
"Venita","","Oilla","VOilla","VOilla@addc2.local","123 Fake St","Seattle","98101","WA","United States","","C137","Research","Ch@ng3Me!","206-876-5309","","","CN=Users,DC=addc2,DC=local"
"Georgetta","","Sackville","GSackville","GSackville@addc2.local","123 Fake St","Seattle","98101","WA","United States","","C137","Research","Ch@ng3Me!","206-876-5309","","","CN=Users,DC=addc2,DC=local"
"Paule","","Edithe","PEdithe","PEdithe@addc2.local","123 Fake St","Seattle","98101","WA","United States","","C137","Research","Ch@ng3Me!","206-876-5309","","","CN=Users,DC=addc2,DC=local"
"Tobe","","Lynelle","TLynelle","TLynelle@addc2.local","123 Fake St","Seattle","98101","WA","United States","","C137","Research","Ch@ng3Me!","206-876-5309","","","CN=Users,DC=addc2,DC=local"
"Alyda","","Neona","ANeona","ANeona@addc2.local","123 Fake St","Seattle","98101","WA","United States","","C137","Research","Ch@ng3Me!","206-876-5309","","","CN=Users,DC=addc2,DC=local"
"Dasya","","Rothwell","DRothwell","DRothwell@addc2.local","123 Fake St","Seattle","98101","WA","United States","","C137","Research","Ch@ng3Me!","206-876-5309","","","CN=Users,DC=addc2,DC=local"
"Frank","","Berkley","FBerkley","FBerkley@addc2.local","123 Fake St","Seattle","98101","WA","United States","","C137","Research","Ch@ng3Me!","206-876-5309","","","CN=Users,DC=addc2,DC=local"
"Garnet","","Mathilda","GMathilda","GMathilda@addc2.local","123 Fake St","Seattle","98101","WA","United States","","C137","Research","Ch@ng3Me!","206-876-5309","","","CN=Users,DC=addc2,DC=local"
"Gayleen","","Earley","GEarley","GEarley@addc2.local","123 Fake St","Seattle","98101","WA","United States","","C137","Research","Ch@ng3Me!","206-876-5309","","","CN=Users,DC=addc2,DC=local"
"Fina","","Brookner","FBrookner","FBrookner@addc2.local","123 Fake St","Seattle","98101","WA","United States","","C137","Research","Ch@ng3Me!","206-876-5309","","","CN=Users,DC=addc2,DC=local"
"Angelita","","Cassidy","ACassidy","ACassidy@addc2.local","123 Fake St","Seattle","98101","WA","United States","","C137","Research","Ch@ng3Me!","206-876-5309","","","CN=Users,DC=addc2,DC=local"
"Dorelia","","Danielle","DDanielle","DDanielle@addc2.local","123 Fake St","Seattle","98101","WA","United States","","C137","Research","Ch@ng3Me!","206-876-5309","","","CN=Users,DC=addc2,DC=local"
"Timmi","","Menken","TMenken","TMenken@addc2.local","123 Fake St","Seattle","98101","WA","United States","","C137","Research","Ch@ng3Me!","206-876-5309","","","CN=Users,DC=addc2,DC=local"
"Nanete","","Jena","NJena","NJena@addc2.local","123 Fake St","Seattle","98101","WA","United States","","C137","Research","Ch@ng3Me!","206-876-5309","","","CN=Users,DC=addc2,DC=local"
"Twila","","Pastelki","TPastelki","TPastelki@addc2.local","123 Fake St","Seattle","98101","WA","United States","","C137","Research","Ch@ng3Me!","206-876-5309","","","CN=Users,DC=addc2,DC=local"
"Mareah","","Rangel","MRangel","MRangel@addc2.local","123 Fake St","Seattle","98101","WA","United States","","C137","Research","Ch@ng3Me!","206-876-5309","","","CN=Users,DC=addc2,DC=local"
"Marcellina","","Fein","MFein","MFein@addc2.local","123 Fake St","Seattle","98101","WA","United States","","C137","Research","Ch@ng3Me!","206-876-5309","","","CN=Users,DC=addc2,DC=local"
"Julissa","","Tacita","JTacita","JTacita@addc2.local","123 Fake St","Seattle","98101","WA","United States","","C137","Research","Ch@ng3Me!","206-876-5309","","","CN=Users,DC=addc2,DC=local"
"Ashely","","Winfrid","AWinfrid","AWinfrid@addc2.local","123 Fake St","Seattle","98101","WA","United States","","C137","Research","Ch@ng3Me!","206-876-5309","","","CN=Users,DC=addc2,DC=local"
"Arabela","","Ewald","AEwald","AEwald@addc2.local","123 Fake St","Seattle","98101","WA","United States","","C137","Research","Ch@ng3Me!","206-876-5309","","","CN=Users,DC=addc2,DC=local"
"Halie","","Spatz","HSpatz","HSpatz@addc2.local","123 Fake St","Seattle","98101","WA","United States","","C137","Research","Ch@ng3Me!","206-876-5309","","","CN=Users,DC=addc2,DC=local"
"Elga","","Cand","ECand","ECand@addc2.local","123 Fake St","Seattle","98101","WA","United States","","C137","Research","Ch@ng3Me!","206-876-5309","","","CN=Users,DC=addc2,DC=local"
"Zenia","","Timoteo","ZTimoteo","ZTimoteo@addc2.local","123 Fake St","Seattle","98101","WA","United States","","C137","Research","Ch@ng3Me!","206-876-5309","","","CN=Users,DC=addc2,DC=local"
"Paulita","","Palgrave","PPalgrave","PPalgrave@addc2.local","123 Fake St","Seattle","98101","WA","United States","","C137","Research","Ch@ng3Me!","206-876-5309","","","CN=Users,DC=addc2,DC=local"
"Harlene","","Fishman","HFishman","HFishman@addc2.local","123 Fake St","Seattle","98101","WA","United States","","C137","Research","Ch@ng3Me!","206-876-5309","","","CN=Users,DC=addc2,DC=local"
"Reggie","","Lorelie","RLorelie","RLorelie@addc2.local","123 Fake St","Seattle","98101","WA","United States","","C137","Research","Ch@ng3Me!","206-876-5309","","","CN=Users,DC=addc2,DC=local"
"Pollyanna","","Carr","PCarr","PCarr@addc2.local","123 Fake St","Seattle","98101","WA","United States","","C137","Research","Ch@ng3Me!","206-876-5309","","","CN=Users,DC=addc2,DC=local"
"Correna","","Carrissa","CCarrissa","CCarrissa@addc2.local","123 Fake St","Seattle","98101","WA","United States","","C137","Research","Ch@ng3Me!","206-876-5309","","","CN=Users,DC=addc2,DC=local"
"Elberta","","Whipple","EWhipple","EWhipple@addc2.local","123 Fake St","Seattle","98101","WA","United States","","C137","Research","Ch@ng3Me!","206-876-5309","","","CN=Users,DC=addc2,DC=local"
"Christean","","Wei","CWei","CWei@addc2.local","123 Fake St","Seattle","98101","WA","United States","","C137","Research","Ch@ng3Me!","206-876-5309","","","CN=Users,DC=addc2,DC=local"
"Shara","","Emersen","SEmersen","SEmersen@addc2.local","123 Fake St","Seattle","98101","WA","United States","","C137","Research","Ch@ng3Me!","206-876-5309","","","CN=Users,DC=addc2,DC=local"
"Jemie","","Priest","JPriest","JPriest@addc2.local","123 Fake St","Seattle","98101","WA","United States","","C137","Research","Ch@ng3Me!","206-876-5309","","","CN=Users,DC=addc2,DC=local"
"Meridel","","Laris","MLaris","MLaris@addc2.local","123 Fake St","Seattle","98101","WA","United States","","C137","Research","Ch@ng3Me!","206-876-5309","","","CN=Users,DC=addc2,DC=local"
"Margy","","Erick","MErick","MErick@addc2.local","123 Fake St","Seattle","98101","WA","United States","","C137","Research","Ch@ng3Me!","206-876-5309","","","CN=Users,DC=addc2,DC=local"
"Kathe","","Lerner","KLerner","KLerner@addc2.local","123 Fake St","Seattle","98101","WA","United States","","C137","Research","Ch@ng3Me!","206-876-5309","","","CN=Users,DC=addc2,DC=local"
"Kizzee","","Edwyna","KEdwyna","KEdwyna@addc2.local","123 Fake St","Seattle","98101","WA","United States","","C137","Research","Ch@ng3Me!","206-876-5309","","","CN=Users,DC=addc2,DC=local"
"Eddie","","Munn","EMunn","EMunn@addc2.local","123 Fake St","Seattle","98101","WA","United States","","C137","Research","Ch@ng3Me!","206-876-5309","","","CN=Users,DC=addc2,DC=local"
"Othilia","","Gamaliel","OGamaliel","OGamaliel@addc2.local","123 Fake St","Seattle","98101","WA","United States","","C137","Research","Ch@ng3Me!","206-876-5309","","","CN=Users,DC=addc2,DC=local"
"Kriste","","Ilke","KIlke","KIlke@addc2.local","123 Fake St","Seattle","98101","WA","United States","","C137","Research","Ch@ng3Me!","206-876-5309","","","CN=Users,DC=addc2,DC=local"
"Dasi","","Hirsch","DHirsch","DHirsch@addc2.local","123 Fake St","Seattle","98101","WA","United States","","C137","Research","Ch@ng3Me!","206-876-5309","","","CN=Users,DC=addc2,DC=local"
"Linnet","","Normie","LNormie","LNormie@addc2.local","123 Fake St","Seattle","98101","WA","United States","","C137","Research","Ch@ng3Me!","206-876-5309","","","CN=Users,DC=addc2,DC=local"
"Valene","","Belsky","VBelsky","VBelsky@addc2.local","123 Fake St","Seattle","98101","WA","United States","","C137","Research","Ch@ng3Me!","206-876-5309","","","CN=Users,DC=addc2,DC=local"
"Genevra","","Wootan","GWootan","GWootan@addc2.local","123 Fake St","Seattle","98101","WA","United States","","C137","Research","Ch@ng3Me!","206-876-5309","","","CN=Users,DC=addc2,DC=local"
"Michaelina","","Tchao","MTchao","MTchao@addc2.local","123 Fake St","Seattle","98101","WA","United States","","C137","Research","Ch@ng3Me!","206-876-5309","","","CN=Users,DC=addc2,DC=local"
"Adelaide","","Kendra","AKendra","AKendra@addc2.local","123 Fake St","Seattle","98101","WA","United States","","C137","Research","Ch@ng3Me!","206-876-5309","","","CN=Users,DC=addc2,DC=local"
"Beverley","","Dahl","BDahl","BDahl@addc2.local","123 Fake St","Seattle","98101","WA","United States","","C137","Research","Ch@ng3Me!","206-876-5309","","","CN=Users,DC=addc2,DC=local"
"Angelia","","Janyte","AJanyte","AJanyte@addc2.local","123 Fake St","Seattle","98101","WA","United States","","C137","Research","Ch@ng3Me!","206-876-5309","","","CN=Users,DC=addc2,DC=local"
"Benedicta","","Grannia","BGrannia","BGrannia@addc2.local","123 Fake St","Seattle","98101","WA","United States","","C137","Research","Ch@ng3Me!","206-876-5309","","","CN=Users,DC=addc2,DC=local"
"Rebbecca","","Rorry","RRorry","RRorry@addc2.local","123 Fake St","Seattle","98101","WA","United States","","C137","Research","Ch@ng3Me!","206-876-5309","","","CN=Users,DC=addc2,DC=local"
"Ariana","","Vezza","AVezza","AVezza@addc2.local","123 Fake St","Seattle","98101","WA","United States","","C137","Research","Ch@ng3Me!","206-876-5309","","","CN=Users,DC=addc2,DC=local"
"Karla","","Schober","KSchober","KSchober@addc2.local","123 Fake St","Seattle","98101","WA","United States","","C137","Research","Ch@ng3Me!","206-876-5309","","","CN=Users,DC=addc2,DC=local"
"Anabella","","Fairbanks","AFairbanks","AFairbanks@addc2.local","123 Fake St","Seattle","98101","WA","United States","","C137","Research","Ch@ng3Me!","206-876-5309","","","CN=Users,DC=addc2,DC=local"
"Cheri","","Leodora","CLeodora","CLeodora@addc2.local","123 Fake St","Seattle","98101","WA","United States","","C137","Research","Ch@ng3Me!","206-876-5309","","","CN=Users,DC=addc2,DC=local"
"Wendie","","Fleischer","WFleischer","WFleischer@addc2.local","123 Fake St","Seattle","98101","WA","United States","","C137","Research","Ch@ng3Me!","206-876-5309","","","CN=Users,DC=addc2,DC=local"
"Kelsy","","Luigino","KLuigino","KLuigino@addc2.local","123 Fake St","Seattle","98101","WA","United States","","C137","Research","Ch@ng3Me!","206-876-5309","","","CN=Users,DC=addc2,DC=local"
"Janina","","Denyse","JDenyse","JDenyse@addc2.local","123 Fake St","Seattle","98101","WA","United States","","C137","Research","Ch@ng3Me!","206-876-5309","","","CN=Users,DC=addc2,DC=local"
"Sabine","","Diaz","SDiaz","SDiaz@addc2.local","123 Fake St","Seattle","98101","WA","United States","","C137","Research","Ch@ng3Me!","206-876-5309","","","CN=Users,DC=addc2,DC=local"
"Krystalle","","Peisch","KPeisch","KPeisch@addc2.local","123 Fake St","Seattle","98101","WA","United States","","C137","Research","Ch@ng3Me!","206-876-5309","","","CN=Users,DC=addc2,DC=local"
"Oliy","","Fitton","OFitton","OFitton@addc2.local","123 Fake St","Seattle","98101","WA","United States","","C137","Research","Ch@ng3Me!","206-876-5309","","","CN=Users,DC=addc2,DC=local"
"Gavra","","Fawn","GFawn","GFawn@addc2.local","123 Fake St","Seattle","98101","WA","United States","","C137","Research","Ch@ng3Me!","206-876-5309","","","CN=Users,DC=addc2,DC=local"
"Gwenni","","Reinhart","GReinhart","GReinhart@addc2.local","123 Fake St","Seattle","98101","WA","United States","","C137","Research","Ch@ng3Me!","206-876-5309","","","CN=Users,DC=addc2,DC=local"
"Sal","","Bagger","SBagger","SBagger@addc2.local","123 Fake St","Seattle","98101","WA","United States","","C137","Research","Ch@ng3Me!","206-876-5309","","","CN=Users,DC=addc2,DC=local"
"Caprice","","Trey","CTrey","CTrey@addc2.local","123 Fake St","Seattle","98101","WA","United States","","C137","Research","Ch@ng3Me!","206-876-5309","","","CN=Users,DC=addc2,DC=local"
"Karlotta","","Beverie","KBeverie","KBeverie@addc2.local","123 Fake St","Seattle","98101","WA","United States","","C137","Research","Ch@ng3Me!","206-876-5309","","","CN=Users,DC=addc2,DC=local"
"Carla","","Tillfourd","CTillfourd","CTillfourd@addc2.local","123 Fake St","Seattle","98101","WA","United States","","C137","Research","Ch@ng3Me!","206-876-5309","","","CN=Users,DC=addc2,DC=local"
"Alexa","","Riess","ARiess","ARiess@addc2.local","123 Fake St","Seattle","98101","WA","United States","","C137","Research","Ch@ng3Me!","206-876-5309","","","CN=Users,DC=addc2,DC=local"
"Starlin","","Anne-Corinne","SAnne-Corinne","SAnne-Corinne@addc2.local","123 Fake St","Seattle","98101","WA","United States","","C137","Research","Ch@ng3Me!","206-876-5309","","","CN=Users,DC=addc2,DC=local"
"May","","McGee","MMcGee","MMcGee@addc2.local","123 Fake St","Seattle","98101","WA","United States","","C137","Research","Ch@ng3Me!","206-876-5309","","","CN=Users,DC=addc2,DC=local"
"Bunny","","Jermaine","BJermaine","BJermaine@addc2.local","123 Fake St","Seattle","98101","WA","United States","","C137","Research","Ch@ng3Me!","206-876-5309","","","CN=Users,DC=addc2,DC=local"
"Emeline","","Jadwiga","EJadwiga","EJadwiga@addc2.local","123 Fake St","Seattle","98101","WA","United States","","C137","Research","Ch@ng3Me!","206-876-5309","","","CN=Users,DC=addc2,DC=local"
"Libbie","","Sauveur","LSauveur","LSauveur@addc2.local","123 Fake St","Seattle","98101","WA","United States","","C137","Research","Ch@ng3Me!","206-876-5309","","","CN=Users,DC=addc2,DC=local"
"Franni","","Delsman","FDelsman","FDelsman@addc2.local","123 Fake St","Seattle","98101","WA","United States","","C137","Research","Ch@ng3Me!","206-876-5309","","","CN=Users,DC=addc2,DC=local"
"Josefa","","Airla","JAirla","JAirla@addc2.local","123 Fake St","Seattle","98101","WA","United States","","C137","Research","Ch@ng3Me!","206-876-5309","","","CN=Users,DC=addc2,DC=local"
"Corliss","","Block","CBlock","CBlock@addc2.local","123 Fake St","Seattle","98101","WA","United States","","C137","Research","Ch@ng3Me!","206-876-5309","","","CN=Users,DC=addc2,DC=local"
"Roxane","","Tibbetts","RTibbetts","RTibbetts@addc2.local","123 Fake St","Seattle","98101","WA","United States","","C137","Research","Ch@ng3Me!","206-876-5309","","","CN=Users,DC=addc2,DC=local"
"Eleanor","","Mossman","EMossman","EMossman@addc2.local","123 Fake St","Seattle","98101","WA","United States","","C137","Research","Ch@ng3Me!","206-876-5309","","","CN=Users,DC=addc2,DC=local"
"Prudi","","Alisa","PAlisa","PAlisa@addc2.local","123 Fake St","Seattle","98101","WA","United States","","C137","Research","Ch@ng3Me!","206-876-5309","","","CN=Users,DC=addc2,DC=local"
"Cammi","","Brook","CBrook","CBrook@addc2.local","123 Fake St","Seattle","98101","WA","United States","","C137","Research","Ch@ng3Me!","206-876-5309","","","CN=Users,DC=addc2,DC=local"
"Nicolina","","Metabel","NMetabel","NMetabel@addc2.local","123 Fake St","Seattle","98101","WA","United States","","C137","Research","Ch@ng3Me!","206-876-5309","","","CN=Users,DC=addc2,DC=local"
"Camila","","Sarina","CSarina","CSarina@addc2.local","123 Fake St","Seattle","98101","WA","United States","","C137","Research","Ch@ng3Me!","206-876-5309","","","CN=Users,DC=addc2,DC=local"
"Kym","","Bui","KBui","KBui@addc2.local","123 Fake St","Seattle","98101","WA","United States","","C137","Research","Ch@ng3Me!","206-876-5309","","","CN=Users,DC=addc2,DC=local"
"Aura","","Charles","ACharles","ACharles@addc2.local","123 Fake St","Seattle","98101","WA","United States","","C137","Research","Ch@ng3Me!","206-876-5309","","","CN=Users,DC=addc2,DC=local"
"Genovera","","Ferretti","GFerretti","GFerretti@addc2.local","123 Fake St","Seattle","98101","WA","United States","","C137","Research","Ch@ng3Me!","206-876-5309","","","CN=Users,DC=addc2,DC=local"
"Tabbitha","","Kelvin","TKelvin","TKelvin@addc2.local","123 Fake St","Seattle","98101","WA","United States","","C137","Research","Ch@ng3Me!","206-876-5309","","","CN=Users,DC=addc2,DC=local"
"Desiree","","Talia","DTalia","DTalia@addc2.local","123 Fake St","Seattle","98101","WA","United States","","C137","Research","Ch@ng3Me!","206-876-5309","","","CN=Users,DC=addc2,DC=local"
"Colleen","","Lavena","CLavena","CLavena@addc2.local","123 Fake St","Seattle","98101","WA","United States","","C137","Research","Ch@ng3Me!","206-876-5309","","","CN=Users,DC=addc2,DC=local"
"Kiele","","Lamdin","KLamdin","KLamdin@addc2.local","123 Fake St","Seattle","98101","WA","United States","","C137","Research","Ch@ng3Me!","206-876-5309","","","CN=Users,DC=addc2,DC=local"
"Channa","","Barry","CBarry","CBarry@addc2.local","123 Fake St","Seattle","98101","WA","United States","","C137","Research","Ch@ng3Me!","206-876-5309","","","CN=Users,DC=addc2,DC=local"
"Ninon","","Robinetta","NRobinetta","NRobinetta@addc2.local","123 Fake St","Seattle","98101","WA","United States","","C137","Research","Ch@ng3Me!","206-876-5309","","","CN=Users,DC=addc2,DC=local"
"Kiele","","Renie","KRenie","KRenie@addc2.local","123 Fake St","Seattle","98101","WA","United States","","C137","Research","Ch@ng3Me!","206-876-5309","","","CN=Users,DC=addc2,DC=local"
"Kelsi","","Fotina","KFotina","KFotina@addc2.local","123 Fake St","Seattle","98101","WA","United States","","C137","Research","Ch@ng3Me!","206-876-5309","","","CN=Users,DC=addc2,DC=local"
"Jeannine","","Hodess","JHodess","JHodess@addc2.local","123 Fake St","Seattle","98101","WA","United States","","C137","Research","Ch@ng3Me!","206-876-5309","","","CN=Users,DC=addc2,DC=local"
"Gavrielle","","Proudlove","GProudlove","GProudlove@addc2.local","123 Fake St","Seattle","98101","WA","United States","","C137","Research","Ch@ng3Me!","206-876-5309","","","CN=Users,DC=addc2,DC=local"
"Karyl","","Korff","KKorff","KKorff@addc2.local","123 Fake St","Seattle","98101","WA","United States","","C137","Research","Ch@ng3Me!","206-876-5309","","","CN=Users,DC=addc2,DC=local"
"Linnea","","Ioyal","LIoyal","LIoyal@addc2.local","123 Fake St","Seattle","98101","WA","United States","","C137","Research","Ch@ng3Me!","206-876-5309","","","CN=Users,DC=addc2,DC=local"
"Edin","","Cony","ECony","ECony@addc2.local","123 Fake St","Seattle","98101","WA","United States","","C137","Research","Ch@ng3Me!","206-876-5309","","","CN=Users,DC=addc2,DC=local"
"Fenelia","","Swanhildas","FSwanhildas","FSwanhildas@addc2.local","123 Fake St","Seattle","98101","WA","United States","","C137","Research","Ch@ng3Me!","206-876-5309","","","CN=Users,DC=addc2,DC=local"
"Aili","","Mendelson","AMendelson","AMendelson@addc2.local","123 Fake St","Seattle","98101","WA","United States","","C137","Research","Ch@ng3Me!","206-876-5309","","","CN=Users,DC=addc2,DC=local"
"Rayna","","Dael","RDael","RDael@addc2.local","123 Fake St","Seattle","98101","WA","United States","","C137","Research","Ch@ng3Me!","206-876-5309","","","CN=Users,DC=addc2,DC=local"
"Merola","","Chrissy","MChrissy","MChrissy@addc2.local","123 Fake St","Seattle","98101","WA","United States","","C137","Research","Ch@ng3Me!","206-876-5309","","","CN=Users,DC=addc2,DC=local"
"Penny","","Zahara","PZahara","PZahara@addc2.local","123 Fake St","Seattle","98101","WA","United States","","C137","Research","Ch@ng3Me!","206-876-5309","","","CN=Users,DC=addc2,DC=local"
"Sherry","","Gonyea","SGonyea","SGonyea@addc2.local","123 Fake St","Seattle","98101","WA","United States","","C137","Research","Ch@ng3Me!","206-876-5309","","","CN=Users,DC=addc2,DC=local"
"Elfie","","Whitaker","EWhitaker","EWhitaker@addc2.local","123 Fake St","Seattle","98101","WA","United States","","C137","Research","Ch@ng3Me!","206-876-5309","","","CN=Users,DC=addc2,DC=local"
"Hynda","","Machute","HMachute","HMachute@addc2.local","123 Fake St","Seattle","98101","WA","United States","","C137","Research","Ch@ng3Me!","206-876-5309","","","CN=Users,DC=addc2,DC=local"
"Kimmy","","Oona","KOona","KOona@addc2.local","123 Fake St","Seattle","98101","WA","United States","","C137","Research","Ch@ng3Me!","206-876-5309","","","CN=Users,DC=addc2,DC=local"
"Germain","","Stavro","GStavro","GStavro@addc2.local","123 Fake St","Seattle","98101","WA","United States","","C137","Research","Ch@ng3Me!","206-876-5309","","","CN=Users,DC=addc2,DC=local"
"Enriqueta","","Kwapong","EKwapong","EKwapong@addc2.local","123 Fake St","Seattle","98101","WA","United States","","C137","Research","Ch@ng3Me!","206-876-5309","","","CN=Users,DC=addc2,DC=local"
"Mindy","","Zela","MZela","MZela@addc2.local","123 Fake St","Seattle","98101","WA","United States","","C137","Research","Ch@ng3Me!","206-876-5309","","","CN=Users,DC=addc2,DC=local"
"Lise","","Hobey","LHobey","LHobey@addc2.local","123 Fake St","Seattle","98101","WA","United States","","C137","Research","Ch@ng3Me!","206-876-5309","","","CN=Users,DC=addc2,DC=local"
"Rhianon","","Debbi","RDebbi","RDebbi@addc2.local","123 Fake St","Seattle","98101","WA","United States","","C137","Research","Ch@ng3Me!","206-876-5309","","","CN=Users,DC=addc2,DC=local"
"Kacie","","Aurita","KAurita","KAurita@addc2.local","123 Fake St","Seattle","98101","WA","United States","","C137","Research","Ch@ng3Me!","206-876-5309","","","CN=Users,DC=addc2,DC=local"
"Jaymee","","Muffin","JMuffin","JMuffin@addc2.local","123 Fake St","Seattle","98101","WA","United States","","C137","Research","Ch@ng3Me!","206-876-5309","","","CN=Users,DC=addc2,DC=local"
"Eirena","","Moor","EMoor","EMoor@addc2.local","123 Fake St","Seattle","98101","WA","United States","","C137","Research","Ch@ng3Me!","206-876-5309","","","CN=Users,DC=addc2,DC=local"
"Jocelyne","","Hawkie","JHawkie","JHawkie@addc2.local","123 Fake St","Seattle","98101","WA","United States","","C137","Research","Ch@ng3Me!","206-876-5309","","","CN=Users,DC=addc2,DC=local"
"Emelyne","","Crocker","ECrocker","ECrocker@addc2.local","123 Fake St","Seattle","98101","WA","United States","","C137","Research","Ch@ng3Me!","206-876-5309","","","CN=Users,DC=addc2,DC=local"
"Abra","","Reg","AReg","AReg@addc2.local","123 Fake St","Seattle","98101","WA","United States","","C137","Research","Ch@ng3Me!","206-876-5309","","","CN=Users,DC=addc2,DC=local"
"Odilia","","Fraya","OFraya","OFraya@addc2.local","123 Fake St","Seattle","98101","WA","United States","","C137","Research","Ch@ng3Me!","206-876-5309","","","CN=Users,DC=addc2,DC=local"
"Cass","","Hyacinth","CHyacinth","CHyacinth@addc2.local","123 Fake St","Seattle","98101","WA","United States","","C137","Research","Ch@ng3Me!","206-876-5309","","","CN=Users,DC=addc2,DC=local"
"Dorey","","Blayne","DBlayne","DBlayne@addc2.local","123 Fake St","Seattle","98101","WA","United States","","C137","Research","Ch@ng3Me!","206-876-5309","","","CN=Users,DC=addc2,DC=local"
"Linn","","Africa","LAfrica","LAfrica@addc2.local","123 Fake St","Seattle","98101","WA","United States","","C137","Research","Ch@ng3Me!","206-876-5309","","","CN=Users,DC=addc2,DC=local"
"Rica","","Fabrianne","RFabrianne","RFabrianne@addc2.local","123 Fake St","Seattle","98101","WA","United States","","C137","Research","Ch@ng3Me!","206-876-5309","","","CN=Users,DC=addc2,DC=local"
"Ebba","","Ibson","EIbson","EIbson@addc2.local","123 Fake St","Seattle","98101","WA","United States","","C137","Research","Ch@ng3Me!","206-876-5309","","","CN=Users,DC=addc2,DC=local"
"Kayla","","Selimah","KSelimah","KSelimah@addc2.local","123 Fake St","Seattle","98101","WA","United States","","C137","Research","Ch@ng3Me!","206-876-5309","","","CN=Users,DC=addc2,DC=local"
"Sheryl","","Harold","SHarold","SHarold@addc2.local","123 Fake St","Seattle","98101","WA","United States","","C137","Research","Ch@ng3Me!","206-876-5309","","","CN=Users,DC=addc2,DC=local"
"Debor","","Crutcher","DCrutcher","DCrutcher@addc2.local","123 Fake St","Seattle","98101","WA","United States","","C137","Research","Ch@ng3Me!","206-876-5309","","","CN=Users,DC=addc2,DC=local"
"Myrtie","","Willetta","MWilletta","MWilletta@addc2.local","123 Fake St","Seattle","98101","WA","United States","","C137","Research","Ch@ng3Me!","206-876-5309","","","CN=Users,DC=addc2,DC=local"
"Allyson","","Liddy","ALiddy","ALiddy@addc2.local","123 Fake St","Seattle","98101","WA","United States","","C137","Research","Ch@ng3Me!","206-876-5309","","","CN=Users,DC=addc2,DC=local"
"Lorilyn","","Wicks","LWicks","LWicks@addc2.local","123 Fake St","Seattle","98101","WA","United States","","C137","Research","Ch@ng3Me!","206-876-5309","","","CN=Users,DC=addc2,DC=local"
"Berry","","Eads","BEads","BEads@addc2.local","123 Fake St","Seattle","98101","WA","United States","","C137","Research","Ch@ng3Me!","206-876-5309","","","CN=Users,DC=addc2,DC=local"
"Vivianna","","Nichole","VNichole","VNichole@addc2.local","123 Fake St","Seattle","98101","WA","United States","","C137","Research","Ch@ng3Me!","206-876-5309","","","CN=Users,DC=addc2,DC=local"
"Kirsteni","","Barcellona","KBarcellona","KBarcellona@addc2.local","123 Fake St","Seattle","98101","WA","United States","","C137","Research","Ch@ng3Me!","206-876-5309","","","CN=Users,DC=addc2,DC=local"
"Catina","","Pelagia","CPelagia","CPelagia@addc2.local","123 Fake St","Seattle","98101","WA","United States","","C137","Research","Ch@ng3Me!","206-876-5309","","","CN=Users,DC=addc2,DC=local"
"Hanna","","Ax","HAx","HAx@addc2.local","123 Fake St","Seattle","98101","WA","United States","","C137","Research","Ch@ng3Me!","206-876-5309","","","CN=Users,DC=addc2,DC=local"
"Rodie","","Ara","RAra","RAra@addc2.local","123 Fake St","Seattle","98101","WA","United States","","C137","Research","Ch@ng3Me!","206-876-5309","","","CN=Users,DC=addc2,DC=local"
"Gwynne","","O'Carroll","GO'Carroll","GO'Carroll@addc2.local","123 Fake St","Seattle","98101","WA","United States","","C137","Research","Ch@ng3Me!","206-876-5309","","","CN=Users,DC=addc2,DC=local"
"Roana","","Adlai","RAdlai","RAdlai@addc2.local","123 Fake St","Seattle","98101","WA","United States","","C137","Research","Ch@ng3Me!","206-876-5309","","","CN=Users,DC=addc2,DC=local"
"Evvie","","Drusie","EDrusie","EDrusie@addc2.local","123 Fake St","Seattle","98101","WA","United States","","C137","Research","Ch@ng3Me!","206-876-5309","","","CN=Users,DC=addc2,DC=local"
"Drucy","","Myriam","DMyriam","DMyriam@addc2.local","123 Fake St","Seattle","98101","WA","United States","","C137","Research","Ch@ng3Me!","206-876-5309","","","CN=Users,DC=addc2,DC=local"
"Laura","","Crespi","LCrespi","LCrespi@addc2.local","123 Fake St","Seattle","98101","WA","United States","","C137","Research","Ch@ng3Me!","206-876-5309","","","CN=Users,DC=addc2,DC=local"
"Tanya","","Samale","TSamale","TSamale@addc2.local","123 Fake St","Seattle","98101","WA","United States","","C137","Research","Ch@ng3Me!","206-876-5309","","","CN=Users,DC=addc2,DC=local"
"Ursa","","Vizza","UVizza","UVizza@addc2.local","123 Fake St","Seattle","98101","WA","United States","","C137","Research","Ch@ng3Me!","206-876-5309","","","CN=Users,DC=addc2,DC=local"
"Ceciley","","Joyan","CJoyan","CJoyan@addc2.local","123 Fake St","Seattle","98101","WA","United States","","C137","Research","Ch@ng3Me!","206-876-5309","","","CN=Users,DC=addc2,DC=local"
"Cherie","","Kucik","CKucik","CKucik@addc2.local","123 Fake St","Seattle","98101","WA","United States","","C137","Research","Ch@ng3Me!","206-876-5309","","","CN=Users,DC=addc2,DC=local"
"Avie","","Michal","AMichal","AMichal@addc2.local","123 Fake St","Seattle","98101","WA","United States","","C137","Research","Ch@ng3Me!","206-876-5309","","","CN=Users,DC=addc2,DC=local"
"Collen","","Knuth","CKnuth","CKnuth@addc2.local","123 Fake St","Seattle","98101","WA","United States","","C137","Research","Ch@ng3Me!","206-876-5309","","","CN=Users,DC=addc2,DC=local"
"Esme","","Teteak","ETeteak","ETeteak@addc2.local","123 Fake St","Seattle","98101","WA","United States","","C137","Research","Ch@ng3Me!","206-876-5309","","","CN=Users,DC=addc2,DC=local"
"Latrena","","Sybil","LSybil","LSybil@addc2.local","123 Fake St","Seattle","98101","WA","United States","","C137","Research","Ch@ng3Me!","206-876-5309","","","CN=Users,DC=addc2,DC=local"